BveTs Vehicle Performance Table 2.01,
0,0
8.51968,425.44708
140,425.44708
