BveTs Vehicle Performance Table 2.01,
0,0
6.355006,39718.787879
140,39718.787879
