BveTs Vehicle Performance Table 2.01,
0,0
6.355006,397.18787879
140,397.18787879
