BveTs Vehicle Performance Table 2.01,
0,0
6.355006,261.813588
140,261.813588
